Metric,K-S Statistic,P-Value
faithfulness,0.2,0.8319696107963263
answer_correctness,0.25,0.571336004933722
context_recall,0.05,0.9999999999999998
context_precision,0.05,0.9999999999999998
answer_relevancy,0.2,0.8319696107963263
ROUGE-1,0.2,0.8319696107963263
ROUGE-2,0.1,0.9999923931635496
ROUGE-L,0.2,0.8319696107963263
BLEU,0.25,0.571336004933722
