Model,faithfulness,answer_correctness,context_recall,context_precision,answer_relevancy,ROUGE-1,ROUGE-2,ROUGE-L,BLEU
GPT-4 only (no RAG),0.025,0.2477412302,0.0,0.0,0.8046948548499999,0.16093,0.04909,0.16093,0.00936
MedCPT w GPT-4,0.8,0.393940249,0.6,0.75,0.7789072293,0.37168,0.22683999999999999,0.36543000000000003,0.01543
OpenAI based RAG,0.625,0.33526718545,0.55,0.8,0.70337575345,0.270215,0.200945,0.270215,0.037955
