Metric,Welch F,P-Value
faithfulness,1.6304728546409812,0.20984115200091916
answer_correctness,0.5773598261581863,0.45234383022516855
context_recall,0.09743589743589716,0.7566354688686747
context_precision,0.13669064748201465,0.7136586968805902
answer_relevancy,0.8882860480103041,0.3531574349308494
ROUGE-1,0.7798645760506915,0.3828213122795415
ROUGE-2,0.053775331196125015,0.8178879969102403
ROUGE-L,0.6891157850295062,0.41172677540175484
BLEU,2.0413550046842244,0.16541573801566248
